0x1203030,0x14,0x3a,1703798005.890943
0x1203030,0x15,0x3d,1703798005.890943
0x1203030,0x20,0x49,1703798005.891443
0x1203030,0x27,0x4e,1703798005.891443
0x1203030,0x33,0x5b,1703798005.891443
0x1203030,0x38,0x60,1703798005.891443
0x1203030,0x3c,0x68,1703798005.891443
0x1203030,0x45,0x70,1703798005.891443
0x1203030,0x54,0xa2,1703798005.891443
0x1203030,0x73,0xff,1703798005.891443
0x1203030,0x73,0x103,1703798005.891443
0x1203031,0x5,0x1b,1703798017.977873
0x1203031,0x5,0x1f,1703798017.977873
0x1203031,0x7,0x34,1703798017.977873
0x1203031,0xb,0x3b,1703798017.977873
0x1203031,0x22,0x56,1703798017.977873
0x1203031,0x23,0x57,1703798017.977873
0x1203031,0x24,0x58,1703798017.977873
0x1203031,0x25,0x59,1703798017.977873
0x1203031,0x47,0x67,1703798017.977873
0x1203031,0x48,0x68,1703798017.977873
0x1203031,0x4f,0x6a,1703798017.977873
0x1203031,0x62,0x9f,1703798017.977873
0x1203031,0x6c,0xb3,1703798017.977873
0x1203031,0x6d,0xbb,1703798017.977873
0x1203031,0x70,0xc1,1703798017.977873
0x1203031,0x70,0xc5,1703798018.021107
0x1203031,0x8e,0x10f,1703798018.021107
0x1203031,0x8e,0x126,1703798018.021107
0x1203031,0x8e,0x127,1703798018.021662
0x1203031,0x8e,0x128,1703798018.021662
0x1203031,0x9b,0x167,1703798018.021662
0x1203031,0x9b,0x16b,1703798018.021662
0x1203031,0xbd,0x1bf,1703798018.021662
0x1203031,0xc6,0x1db,1703798018.021662
0x1203031,0xc6,0x1dd,1703798018.021662
0x1203031,0xc6,0x1e4,1703798018.021662
0x1203032,0x0,0x4,1703798030.375995
0x1203032,0x1,0xd,1703798030.375995
0x1203032,0x3,0x21,1703798030.376503
0x1203032,0x8,0x45,1703798030.376503
0x1203032,0xc,0x4d,1703798030.382501
0x1203032,0xc,0x51,1703798030.382501
0x1203032,0x11,0x54,1703798030.382501
0x1203032,0x15,0x55,1703798030.382501
0x1203032,0x16,0x56,1703798030.382501
0x1203032,0x17,0x57,1703798030.382501
0x1203032,0x19,0x59,1703798030.382501
0x1203032,0x2d,0x7c,1703798030.382501
0x1203032,0x31,0x81,1703798030.382501
0x1203032,0x32,0x82,1703798030.382501
0x1203032,0x3d,0x8e,1703798030.389896
0x1203032,0x41,0x92,1703798030.389896
0x1203032,0x42,0x96,1703798030.390467
0x1203032,0x4d,0xb3,1703798030.390467
0x1203032,0x7f,0x12a,1703798030.390467
0x1203032,0x8b,0x14b,1703798030.390467
0x1203032,0x8b,0x14f,1703798030.390467
0x1203033,0x10,0x49,1703798042.363594
0x1203033,0x18,0x5e,1703798042.363594
0x1203033,0x27,0x68,1703798042.364089
0x1203033,0x3e,0x83,1703798042.364089
0x1203033,0x46,0x87,1703798042.364089
0x1203033,0x4b,0x8d,1703798042.364089
0x1203033,0x55,0xa5,1703798042.364089
0x1203033,0x56,0xae,1703798042.364089
0x1203033,0x61,0xcd,1703798042.364089
0x1203033,0x7b,0x10a,1703798042.364089
0x1203034,0xb,0x2c,1703798053.50738
0x1203034,0xe,0x2f,1703798053.507851
0x1203034,0x22,0x4c,1703798053.507851
0x1203034,0x38,0x62,1703798053.507851
0x1203034,0x39,0x63,1703798053.507851
0x1203034,0x3a,0x64,1703798053.507851
0x1203034,0x3b,0x65,1703798053.507851
0x1203034,0x3f,0x6b,1703798053.507851
0x1203034,0x3f,0x6c,1703798053.507851
0x1203034,0x3f,0x6d,1703798053.507851
0x1203034,0x3f,0x6e,1703798053.507851
0x1203034,0x3f,0x6f,1703798053.507851
0x1203034,0x3f,0x70,1703798053.507851
0x1203034,0x51,0x7a,1703798053.507851
0x1203034,0x67,0xa5,1703798053.507851
0x1203034,0x67,0xaa,1703798053.507851
0x1203034,0x70,0xc6,1703798053.524251
0x1203034,0x81,0xfa,1703798053.524251
0x1203034,0x8a,0x111,1703798053.524251
0x1203034,0x98,0x128,1703798053.524251
0x1203035,0x0,0x6,1703798066.081403
0x1203035,0x2,0x1a,1703798066.081403
0x1203035,0x4,0x2a,1703798066.081403
0x1203035,0x4,0x2e,1703798066.081403
0x1203035,0x4,0x35,1703798066.081403
0x1203035,0xb,0x5b,1703798066.081403
0x1203035,0x10,0x60,1703798066.081403
0x1203035,0x19,0x6f,1703798066.081403
0x1203035,0x1f,0x71,1703798066.081403
0x1203035,0x25,0x77,1703798066.081903
0x1203035,0x31,0x7f,1703798066.081903
0x1203035,0x38,0x81,1703798066.081903
0x1203035,0x59,0xc6,1703798066.081903
0x1203035,0x6f,0xf8,1703798066.081903
0x1203035,0x72,0x101,1703798066.081903
0x1203035,0x77,0x109,1703798066.081903
0x1203035,0x82,0x12b,1703798066.086524
0x1203035,0x82,0x12c,1703798066.086524
0x1203035,0x82,0x12d,1703798066.086524
0x1203035,0x82,0x12e,1703798066.086524
0x1203035,0x82,0x12f,1703798066.086524
0x1203035,0x83,0x132,1703798066.086524
0x1203035,0xa3,0x189,1703798066.086524
0x1203035,0xa3,0x18c,1703798066.086524
0x1203035,0xa3,0x19e,1703798066.087077
0x1203035,0xa3,0x1a0,1703798066.087077
0x1203035,0xa3,0x1a3,1703798066.087077
0x1203036,0x2,0x20,1703798077.018845
0x1203036,0x2,0x23,1703798077.018845
0x1203036,0x4,0x28,1703798077.018845
0x1203036,0x4,0x2c,1703798077.018845
0x1203036,0x6,0x36,1703798077.018845
0x1203036,0x8,0x42,1703798077.018845
0x1203036,0x8,0x46,1703798077.018845
0x1203036,0x9,0x4d,1703798077.018845
0x1203036,0x9,0x4e,1703798077.018845
0x1203036,0xb,0x57,1703798077.018845
0x1203036,0x10,0x62,1703798077.018845
0x1203036,0x12,0x65,1703798077.018845
0x1203036,0x18,0x6e,1703798077.019334
0x1203036,0x18,0x6f,1703798077.019334
0x1203036,0x18,0x72,1703798077.019334
0x1203036,0x1f,0x7a,1703798077.027834
0x1203036,0x1f,0x7b,1703798077.027834
0x1203036,0x21,0x83,1703798077.027834
0x1203036,0x2e,0x94,1703798077.027834
0x1203036,0x2f,0x95,1703798077.027834
0x1203036,0x35,0xa7,1703798077.027834
0x1203036,0x42,0xe5,1703798077.028335
0x1203036,0x4f,0x118,1703798077.028335
0x1203036,0x84,0x157,1703798077.028335
0x1203037,0x6,0xf,1703798089.430363
0x1203037,0x6,0x12,1703798089.430363
0x1203037,0xd,0x29,1703798089.430363
0x1203037,0x1a,0x48,1703798089.430805
0x1203037,0x1b,0x4a,1703798089.430805
0x1203037,0x1d,0x4b,1703798089.430805
0x1203037,0x24,0x59,1703798089.430805
0x1203037,0x24,0x5b,1703798089.430805
0x1203037,0x26,0x60,1703798089.430805
0x1203037,0x37,0x79,1703798089.430805
0x1203037,0x37,0x7b,1703798089.430805
0x1203037,0x40,0x81,1703798089.430805
0x1203037,0x45,0x88,1703798089.430805
0x1203037,0x4f,0x94,1703798089.430805
0x1203037,0x54,0x97,1703798089.430805
0x1203037,0x69,0xb4,1703798089.4418
0x1203037,0x74,0xd6,1703798089.4418
0x1203037,0x76,0xdd,1703798089.4418
0x1203037,0x7c,0xeb,1703798089.4418
0x1203037,0x87,0xf5,1703798089.4418
0x1203037,0x88,0xf6,1703798089.4418
0x1203037,0x8d,0x100,1703798089.4418
0x1203037,0x8e,0x103,1703798089.4418
0x1203037,0x8e,0x105,1703798089.4418
0x1203038,0x2a,0x8d,1703798101.640027
0x1203038,0x2b,0x8f,1703798101.640027
0x1203038,0x2e,0x95,1703798101.640027
0x1203038,0x3f,0xa3,1703798101.640027
0x1203038,0x47,0xb3,1703798101.640027
0x1203038,0x4e,0xb6,1703798101.640027
0x1203038,0x51,0xb7,1703798101.640027
0x1203038,0x52,0xb8,1703798101.640027
0x1203038,0x53,0xb9,1703798101.640027
0x1203038,0x54,0xba,1703798101.640027
0x1203038,0x55,0xbb,1703798101.640027
0x1203038,0x56,0xbc,1703798101.640027
0x1203038,0x86,0x122,1703798101.640027
0x1203038,0x90,0x13f,1703798101.640027
0x1203038,0x98,0x148,1703798101.640027
0x1203038,0xad,0x19b,1703798101.640027
0x1203039,0x15,0x5b,1703798113.931687
0x1203039,0x1d,0x61,1703798113.931687
0x1203039,0x25,0x65,1703798113.931687
0x1203039,0x2a,0x6f,1703798113.931687
0x1203039,0x2c,0x74,1703798113.931687
0x1203039,0x2c,0x79,1703798113.931687
0x1203039,0x2c,0x7c,1703798113.931687
0x1203039,0x30,0x82,1703798113.931687
0x1203039,0x46,0x8a,1703798113.931687
0x1203039,0x56,0x98,1703798113.931687
0x1203039,0x56,0x99,1703798113.931687
0x1203039,0x69,0xb7,1703798113.931687
0x1203039,0x69,0xba,1703798113.931687
0x1203039,0x69,0xbb,1703798113.931687
0x1203039,0x76,0xd8,1703798113.943973
0x1203039,0x7a,0xdb,1703798113.943973
0x1203039,0x88,0x10b,1703798113.943973
0x1203039,0x9b,0x13b,1703798113.943973
0x1203039,0xa1,0x14b,1703798113.943973
0x1203039,0xa1,0x14f,1703798113.943973
0x1203039,0xa7,0x15d,1703798113.943973
0x1203039,0xa7,0x160,1703798113.943973
0x1203039,0xa7,0x161,1703798113.943973
0x1203039,0xa8,0x163,1703798113.943973
0x1203039,0xaf,0x169,1703798113.943973
0x120303a,0x1a,0x75,1703798125.54267
0x120303a,0x22,0x76,1703798125.54267
0x120303a,0x23,0x77,1703798125.54267
0x120303a,0x25,0x79,1703798125.54267
0x120303a,0x28,0x7a,1703798125.54267
0x120303a,0x47,0xa3,1703798125.54267
0x120303a,0x4c,0xa6,1703798125.543165
0x120303a,0x4f,0xad,1703798125.543165
0x120303a,0x5e,0xca,1703798125.543165
0x120303a,0x63,0xcd,1703798125.543165
0x120303b,0xa,0x14,1703798138.028409
0x120303b,0x13,0x21,1703798138.028409
0x120303b,0x14,0x22,1703798138.028409
0x120303b,0x21,0x47,1703798138.028409
0x120303b,0x22,0x48,1703798138.028409
0x120303b,0x24,0x49,1703798138.028409
0x120303b,0x26,0x4b,1703798138.028409
0x120303b,0x27,0x4c,1703798138.028409
0x120303b,0x28,0x4d,1703798138.028409
0x120303b,0x29,0x4e,1703798138.028409
0x120303b,0x2f,0x52,1703798138.028409
0x120303b,0x3b,0x5e,1703798138.028898
0x120303b,0x4c,0x61,1703798138.028898
0x120303b,0x4d,0x62,1703798138.028898
0x120303b,0x54,0x67,1703798138.0369
0x120303b,0x5d,0x6c,1703798138.0369
0x120303b,0x74,0x88,1703798138.0369
0x120303b,0x86,0xb5,1703798138.0369
0x120303b,0x9b,0xdf,1703798138.0369
0x120303b,0x9f,0xee,1703798138.0369
0x120303b,0xb0,0x125,1703798138.0369
0x120303b,0xb4,0x12e,1703798138.0369
0x120303b,0xb5,0x12f,1703798138.0369
0x120303c,0x1,0x1d,1703798150.61035
0x120303c,0xd,0x63,1703798150.610863
0x120303c,0x10,0x65,1703798150.610863
0x120303c,0x13,0x67,1703798150.610863
0x120303c,0x13,0x68,1703798150.610863
0x120303c,0x1d,0x74,1703798150.610863
0x120303c,0x24,0xe3,1703798150.610863
0x120303c,0x2f,0x104,1703798150.610863
0x120303c,0x30,0x105,1703798150.610863
0x120303c,0x3f,0x11c,1703798150.610863
0x120303c,0x43,0x11d,1703798150.610863
0x120303c,0x61,0x13e,1703798150.610863
0x120303c,0x75,0x162,1703798150.611428
0x120303c,0x75,0x166,1703798150.611428
0x120303c,0x75,0x167,1703798150.611428
0x120303c,0x77,0x16f,1703798150.611428
0x120303c,0x77,0x171,1703798150.614106
0x120303c,0x77,0x172,1703798150.614106
0x120303c,0x7d,0x185,1703798150.614106
0x120303c,0x82,0x18f,1703798150.614106
0x120303c,0x88,0x192,1703798150.614106
0x120303c,0x88,0x194,1703798150.614106
0x120303c,0x8f,0x1a6,1703798150.614106
0x120303c,0x95,0x1b6,1703798150.614106
0x120303c,0x96,0x1b7,1703798150.614106
0x120303c,0x98,0x1b9,1703798150.614106
0x120303c,0xa1,0x1d7,1703798150.614106
0x120303d,0x5,0x26,1703798161.45158
0x120303d,0x21,0x4e,1703798161.45158
0x120303d,0x25,0x51,1703798161.45158
0x120303d,0x26,0x52,1703798161.45158
0x120303d,0x33,0x65,1703798161.464808
0x120303d,0x33,0x69,1703798161.464808
0x120303d,0x43,0x7c,1703798161.464808
0x120303d,0x43,0x7e,1703798161.464808
0x120303d,0x45,0x84,1703798161.481956
0x120303d,0x45,0x85,1703798161.48246
0x120303d,0x45,0x88,1703798161.48246
0x120303d,0x4d,0x9d,1703798161.48246
0x120303d,0x52,0xa1,1703798161.48246
0x120303d,0x63,0xc0,1703798161.48246
0x120303d,0x79,0xf7,1703798161.48246
0x120303d,0x79,0xfa,1703798161.48246
0x120303d,0x79,0xfb,1703798161.48246
0x120303d,0x7e,0x10a,1703798161.48246
0x120303d,0x7e,0x10b,1703798161.48246
0x120303d,0x7e,0x10d,1703798161.48246
0x120303d,0x7e,0x110,1703798161.48246
0x120303d,0x7f,0x116,1703798161.48246
0x120303e,0xa,0x30,1703798174.808763
0x120303e,0xf,0x32,1703798174.808763
0x120303e,0x10,0x33,1703798174.808763
0x120303e,0x26,0x46,1703798174.808763
0x120303e,0x26,0x48,1703798174.808763
0x120303e,0x26,0x4a,1703798174.808763
0x120303e,0x26,0x4e,1703798174.808763
0x120303e,0x27,0x50,1703798174.808763
0x120303e,0x2c,0x5b,1703798174.815817
0x120303e,0x33,0x5e,1703798174.815817
0x120303e,0x35,0x5f,1703798174.816319
0x120303e,0x3b,0x66,1703798174.816319
0x120303e,0x3c,0x67,1703798174.816319
0x120303e,0x52,0x87,1703798174.816319
0x120303e,0x52,0x88,1703798174.816319
0x120303e,0x52,0x89,1703798174.816319
0x120303e,0x52,0x8a,1703798174.816319
0x120303e,0x52,0x8b,1703798174.816319
0x120303e,0x52,0x8c,1703798174.816319
0x120303e,0x52,0x8d,1703798174.816319
0x120303e,0x52,0x8e,1703798174.816319
0x120303e,0x52,0x8f,1703798174.816319
0x120303e,0x52,0x90,1703798174.816319
0x120303e,0x63,0x9f,1703798174.816319
0x120303e,0x74,0xa0,1703798174.816319
0x120303e,0x7a,0xa2,1703798174.816319
0x120303e,0x86,0xa8,1703798174.816319
0x120303e,0x89,0xb9,1703798174.816319
0x120303e,0x89,0xba,1703798174.816319
0x120303e,0x89,0xbe,1703798174.816319
0x120303e,0x8f,0xc5,1703798174.816319
0x120303e,0xb0,0x122,1703798174.816319
0x120303e,0xc6,0x17d,1703798174.816319
0x120303e,0xcd,0x187,1703798174.816319
0x120303f,0x0,0x0,1703798185.147973
